<?xml version="1.0" encoding="UTF-8"?>
<!DOCTYPE struts PUBLIC
	"-//Apache Software Foundation//DTD Struts Configuration 2.3//EN"
	"http://struts.apache.org/dtds/struts-2.3.dtd">
<struts>

	<constant name="struts.multipart.maxSize" value="209715200"></constant>
	<package name="demo1" extends="struts-default" namespace="/">
		<action name="user_*" class="userAction" method="{1}">
			<result name="loginsuccess">/index.htm</result>
			<result name="login">/login.jsp</result>
			<result name="toeditpwd">/jsp/customer/editpwd.jsp</result>
			<result name="editPassword">/login.jsp</result>
		</action>

		<action name="customer_*" class="customerAction" method="{1}">
			<!-- 到添加页面 -->
			<result name="toAddPage">/jsp/customer/add.jsp</result>
			<!-- 添加之后 -->
			<result name="add" type="redirectAction">customer_list</result>
			<!-- 列表页面 -->
			<result name="list">/jsp/customer/list.jsp</result>
			<!-- 删除之后 -->
			<result name="delete" type="redirectAction">customer_list</result>
			<!-- 修改-到修改页面 -->
			<result name="showCustomer">/jsp/customer/edit.jsp</result>
			<!-- 修改之后 -->
			<result name="update" type="redirectAction">customer_list</result>
			<!-- 分页到页面 -->
			<result name="listPage">/jsp/customer/listpage.jsp</result>
			<!-- 条件查询 -->
			<result name="listcondition">/jsp/customer/list.jsp</result>
			<!-- 到多条件查询界面 -->
			<result name="toSelectCustomerPage">/jsp/select/selectCustomer.jsp</result>
			<!-- 多条件查询功能 -->
			<result name="moreCondition">/jsp/customer/list.jsp</result>
			<!-- 统计客户来源 -->
			<result name="countSource">/jsp/customer/listSource.jsp</result>
			<!-- 统计客户级别 -->
			<result name="countLevel">/jsp/customer/listLevel.jsp</result>
		</action>

		<action name="linkman_*" class="linkManAction" method="{1}">
			<!-- 到增加页面 -->
			<result name="toAddPage">/jsp/linkman/add.jsp</result>
			<!-- 列表页面 -->
			<result name="list">/jsp/linkman/list.jsp</result>
			<!-- 添加之后 -->
			<result name="addLinkMan" type="redirectAction">linkman_list</result>
			<!-- 删除之后 -->
			<result name="delete" type="redirectAction">linkman_list</result>
			<!-- -->
			<result name="input">/jsp/error.jsp</result>
			<!-- 条件查询 -->
			<result name="listcondition">/jsp/linkman/list.jsp</result>
			<!-- input跳转无效 只能显示 连接被重置 经确认 是tomcat版本问题 7以上都不支持input -->
			<result name="showLinkMan">/jsp/linkman/edit.jsp</result>
			<result name="updateLinkMan" type="redirectAction">linkman_list</result>
			<result name="toSelectLinkManPage">/jsp/select/selectLinkMan.jsp</result>
			<result name="moreCondition">/jsp/linkman/list.jsp</result>

		</action>

		<action name="visit_*" class="visitAction" method="{1}">
			<result name="toAddPage">/jsp/visit/add.jsp</result>
			<result name="addVisit" type="redirectAction">visit_list</result>
			<result name="list">/jsp/visit/list.jsp</result>
			<result name="showVisit">/jsp/visit/edit.jsp</result>
			<result name="updateVisit" type="redirectAction">visit_list</result>
			<result name="delete" type="redirectAction">visit_list</result>
			<result name="toSelectVisitPage">/jsp/select/selectVisit.jsp</result>
			<result name="moreCondition">/jsp/visit/list.jsp</result>
		</action>

	</package>

</struts>



