<?xml version="1.0" encoding="UTF-8"?>
<!DOCTYPE hibernate-mapping PUBLIC 
    "-//Hibernate/Hibernate Mapping DTD 3.0//EN"
    "http://www.hibernate.org/dtd/hibernate-mapping-3.0.dtd">
<hibernate-mapping>

	<class name="cn.itcast.entity.Customer" table="t_customer">
		<id name="cid" column="cid">
			<generator class="native"></generator>
		</id>
		<property name="custName" column="custName"></property>
<!-- 		<property name="custLevel" column="custLevel"></property> -->
		<property name="custSource" column="custSource"></property>
		<property name="custLinkman" column="custLinkman"></property>
		<property name="custPhone" column="custPhone"></property>
		<property name="custMobile" column="custMobile"></property>
		
		<!-- 表示客户所有联系人 -->
		<!-- 级联删除 若无此 客户删除后 相关联系人客户一栏自动设为null -->
		<set name="setLinkMan" inverse="true" cascade="delete">
		<key column="clid"></key><!-- 外键 -->
		<one-to-many class="cn.itcast.entity.LinkMan"/>
		</set>
		
		<!-- 表示客户所有拜访记录 -->
		<set name="setCusVisit">
		<key column="cvid"></key>
		<one-to-many class="cn.itcast.entity.Visit" />
		</set> 
		
		<many-to-one name="dictCustLevel" class="cn.itcast.entity.Dict" column="custLevel" />
		
	</class>
</hibernate-mapping>




