<?xml version="1.0" encoding="UTF-8"?>
<!DOCTYPE hibernate-mapping PUBLIC 
    "-//Hibernate/Hibernate Mapping DTD 3.0//EN"
    "http://www.hibernate.org/dtd/hibernate-mapping-3.0.dtd">
<hibernate-mapping>

	<class name="cn.itcast.entity.Dict" table="t_dict">
		<id name="did" column="did">
			<!-- hibernate主键生成策略 -->
			<generator class="increment"></generator>
		</id>
		<property name="dname" column="dname"></property>

		<!-- 表示所属级别 -->
	</class>
</hibernate-mapping>




