<?xml version="1.0" encoding="UTF-8"?>
<!DOCTYPE hibernate-mapping PUBLIC 
    "-//Hibernate/Hibernate Mapping DTD 3.0//EN"
    "http://www.hibernate.org/dtd/hibernate-mapping-3.0.dtd">
<hibernate-mapping>
	
	<class name="cn.itcast.entity.LinkMan" table="t_linkman">
		<id name="linkid" column="linkid" type="java.lang.Integer">
			<generator class="native"></generator>
		</id>
		<property name="lkmName" column="lkmName"></property>
		<property name="lkmGender" column="lkmGender"></property>
		<property name="lkmPhone" column="lkmPhone"></property>
		<property name="lkmMobile" column="lkmMobile"></property>
		
		<!-- 联系人所属客户 -->
		<many-to-one name="customer" class="cn.itcast.entity.Customer" column="clid"></many-to-one>
	</class>
</hibernate-mapping>
