<?xml version="1.0" encoding="UTF-8"?>
<!DOCTYPE hibernate-mapping PUBLIC 
    "-//Hibernate/Hibernate Mapping DTD 3.0//EN"
    "http://www.hibernate.org/dtd/hibernate-mapping-3.0.dtd">
<hibernate-mapping>

	<class name="cn.itcast.entity.User" table="t_user">
		<id name="uid" column="uid">
			<generator class="native"></generator>
		</id>
		<property name="username" column="username"></property>
		<property name="password" column="password"></property>
		<property name="address" column="address"></property>
		
		<!-- 表示用户的多条拜访记录 -->
		<set name="setUserVisit">
			<key column="uvid"></key>
			<one-to-many class="cn.itcast.entity.Visit"/>
		</set>
	</class>
</hibernate-mapping>





