<?xml version="1.0" encoding="UTF-8"?>
<!DOCTYPE hibernate-mapping PUBLIC 
    "-//Hibernate/Hibernate Mapping DTD 3.0//EN"
    "http://www.hibernate.org/dtd/hibernate-mapping-3.0.dtd">
<hibernate-mapping>
	<class name="cn.itcast.entity.Visit" table="t_visit">
		<id name="vid" column="vid">
			<generator class="native"></generator>
		</id>
		<property name="vaddress" column="vaddress"></property>
		<property name="vcontent" column="vcontent"></property>
		
		<!-- 拜访记录所属用户 -->
		<many-to-one name="user" class="cn.itcast.entity.User" column="uvid"></many-to-one>
		
		<!-- 拜访记录所属客户 -->
		<many-to-one name="customer" class="cn.itcast.entity.Customer" column="cvid"></many-to-one>
	</class>
</hibernate-mapping>



